{
  "custom": {},
  "params": {},
  "props": {
    "defaultSize": {
      "height": 600,
      "width": 400
    }
  },
  "root": {
    "children": [
      {
        "meta": {
          "name": "Label"
        },
        "position": {
          "height": 40,
          "width": 400
        },
        "props": {
          "style": {
            "fontWeight": "bold",
            "textAlign": "center"
          },
          "text": "Historicos Reto 2 - SCI 2022"
        },
        "type": "ia.display.label"
      },
      {
        "events": {
          "dom": {
            "onClick": {
              "config": {
                "params": {},
                "view": "Main"
              },
              "scope": "C",
              "type": "nav"
            }
          }
        },
        "meta": {
          "name": "Button"
        },
        "position": {
          "height": 34,
          "width": 80,
          "x": 19,
          "y": 554
        },
        "props": {
          "style": {
            "backgroundColor": "#0000D9"
          },
          "text": "Principal"
        },
        "type": "ia.input.button"
      },
      {
        "events": {
          "dom": {
            "onClick": {
              "config": {
                "params": {},
                "view": "Historicos"
              },
              "scope": "C",
              "type": "nav"
            }
          }
        },
        "meta": {
          "name": "Button_0"
        },
        "position": {
          "height": 34,
          "width": 80,
          "x": 109,
          "y": 554
        },
        "props": {
          "enabled": false,
          "style": {
            "backgroundColor": "#0000D9"
          },
          "text": "Históricos"
        },
        "type": "ia.input.button"
      },
      {
        "events": {
          "dom": {
            "onClick": {
              "config": {
                "params": {},
                "view": "Alarmas"
              },
              "scope": "C",
              "type": "nav"
            }
          }
        },
        "meta": {
          "name": "Button_1"
        },
        "position": {
          "height": 34,
          "width": 80,
          "x": 199,
          "y": 554
        },
        "props": {
          "style": {
            "backgroundColor": "#0000D9"
          },
          "text": "Alarmas"
        },
        "type": "ia.input.button"
      },
      {
        "events": {
          "dom": {
            "onClick": {
              "config": {
                "params": {},
                "view": "Variador"
              },
              "scope": "C",
              "type": "nav"
            }
          }
        },
        "meta": {
          "name": "Button_2"
        },
        "position": {
          "height": 34,
          "width": 80,
          "x": 289,
          "y": 554
        },
        "props": {
          "style": {
            "backgroundColor": "#0000D9"
          },
          "text": "Variador"
        },
        "type": "ia.input.button"
      },
      {
        "children": [
          {
            "children": [
              {
                "meta": {
                  "name": "TimeSeriesChart"
                },
                "position": {
                  "height": 0.3591,
                  "width": 1.005,
                  "x": -0.0042,
                  "y": 0.0001
                },
                "propConfig": {
                  "props.series[0].data": {
                    "binding": {
                      "config": {
                        "aggregate": "MinMax",
                        "avoidScanClassValidation": true,
                        "dateRange": {
                          "mostRecent": "10",
                          "mostRecentUnits": "MIN"
                        },
                        "enableValueCache": true,
                        "ignoreBadQuality": false,
                        "polling": {
                          "enabled": false,
                          "rate": "1"
                        },
                        "preventInterpolation": false,
                        "returnFormat": "Wide",
                        "returnSize": {
                          "delay": "1",
                          "delayUnits": "SEC",
                          "type": "INTERVAL"
                        },
                        "tags": [
                          {
                            "path": "[Sample_SQLite_Database/ignition-desktop-48r7gkr:default]reto2_scada_plc/controller:global/bool_out_11"
                          }
                        ],
                        "valueFormat": "DATASET"
                      },
                      "type": "tag-history"
                    }
                  }
                },
                "props": {
                  "series": [
                    {
                      "name": "Boiler"
                    }
                  ],
                  "title": {
                    "text": "Turn",
                    "visible": true
                  }
                },
                "type": "ia.chart.timeseries"
              },
              {
                "meta": {
                  "name": "TimeSeriesChart_0"
                },
                "position": {
                  "height": 0.2864,
                  "width": 1.0025,
                  "x": -0.0037,
                  "y": 0.3579
                },
                "propConfig": {
                  "props.series[0].data": {
                    "binding": {
                      "config": {
                        "aggregate": "MinMax",
                        "avoidScanClassValidation": true,
                        "dateRange": {
                          "mostRecent": "10",
                          "mostRecentUnits": "MIN"
                        },
                        "enableValueCache": true,
                        "ignoreBadQuality": false,
                        "polling": {
                          "enabled": true,
                          "rate": "1"
                        },
                        "preventInterpolation": false,
                        "returnFormat": "Wide",
                        "returnSize": {
                          "delay": "1",
                          "delayUnits": "SEC",
                          "type": "INTERVAL"
                        },
                        "tags": [
                          {
                            "path": "[Sample_SQLite_Database/ignition-desktop-48r7gkr:default]reto2_scada_plc/controller:global/bool_out_10"
                          }
                        ],
                        "valueFormat": "DATASET"
                      },
                      "type": "tag-history"
                    }
                  }
                },
                "props": {
                  "series": [
                    {
                      "name": "Boiler"
                    }
                  ],
                  "title": {
                    "text": "Push",
                    "visible": true
                  }
                },
                "type": "ia.chart.timeseries"
              },
              {
                "meta": {
                  "name": "TimeSeriesChart_1"
                },
                "position": {
                  "height": 0.3636,
                  "width": 0.995,
                  "x": -0.0037,
                  "y": 0.6296
                },
                "propConfig": {
                  "props.series[0].data": {
                    "binding": {
                      "config": {
                        "aggregate": "MinMax",
                        "avoidScanClassValidation": true,
                        "dateRange": {
                          "mostRecent": "10",
                          "mostRecentUnits": "MIN"
                        },
                        "enableValueCache": true,
                        "ignoreBadQuality": false,
                        "polling": {
                          "enabled": true,
                          "rate": "1"
                        },
                        "preventInterpolation": false,
                        "returnFormat": "Wide",
                        "returnSize": {
                          "delay": "1",
                          "delayUnits": "SEC",
                          "type": "INTERVAL"
                        },
                        "tags": [
                          {
                            "path": "[Sample_SQLite_Database/ignition-desktop-48r7gkr:default]reto2_scada_plc/controller:global/bool_out_8"
                          }
                        ],
                        "valueFormat": "DATASET"
                      },
                      "type": "tag-history"
                    }
                  }
                },
                "props": {
                  "series": [
                    {
                      "name": "Boiler"
                    }
                  ],
                  "title": {
                    "text": "Open plate",
                    "visible": true
                  }
                },
                "type": "ia.chart.timeseries"
              }
            ],
            "meta": {
              "name": "Pestana_PLC"
            },
            "props": {
              "mode": "percent",
              "style": {
                "backgroundColor": "#FFFFCC"
              }
            },
            "type": "ia.container.coord"
          },
          {
            "meta": {
              "name": "Pestana_Logix"
            },
            "position": {
              "tabIndex": 1
            },
            "props": {
              "mode": "percent",
              "style": {
                "backgroundColor": "#FFFFCC"
              }
            },
            "type": "ia.container.coord"
          }
        ],
        "meta": {
          "name": "Pestanas"
        },
        "position": {
          "height": 477,
          "width": 400,
          "y": 67
        },
        "props": {
          "menuType": "modern",
          "tabs": [
            "PLC Fisico",
            "Logix Emulate"
          ]
        },
        "type": "ia.container.tab"
      }
    ],
    "meta": {
      "name": "root"
    },
    "props": {
      "style": {
        "backgroundColor": "#FFFFCC"
      }
    },
    "type": "ia.container.coord"
  }
}