{
  "custom": {},
  "params": {},
  "props": {
    "defaultSize": {
      "height": 600,
      "width": 400
    }
  },
  "root": {
    "children": [
      {
        "meta": {
          "name": "Label"
        },
        "position": {
          "height": 40,
          "width": 400
        },
        "props": {
          "style": {
            "fontWeight": "bold",
            "textAlign": "center"
          },
          "text": "Alarmas Reto 2 - SCI 2022"
        },
        "type": "ia.display.label"
      },
      {
        "events": {
          "dom": {
            "onClick": {
              "config": {
                "params": {},
                "view": "Main"
              },
              "scope": "C",
              "type": "nav"
            }
          }
        },
        "meta": {
          "name": "Button"
        },
        "position": {
          "height": 34,
          "width": 80,
          "x": 19,
          "y": 554
        },
        "props": {
          "style": {
            "backgroundColor": "#0000D9"
          },
          "text": "Principal"
        },
        "type": "ia.input.button"
      },
      {
        "events": {
          "dom": {
            "onClick": {
              "config": {
                "params": {},
                "view": "Historicos"
              },
              "scope": "C",
              "type": "nav"
            }
          }
        },
        "meta": {
          "name": "Button_0"
        },
        "position": {
          "height": 34,
          "width": 80,
          "x": 109,
          "y": 554
        },
        "props": {
          "style": {
            "backgroundColor": "#0000D9"
          },
          "text": "Históricos"
        },
        "type": "ia.input.button"
      },
      {
        "events": {
          "dom": {
            "onClick": {
              "config": {
                "params": {},
                "view": "Alarmas"
              },
              "scope": "C",
              "type": "nav"
            }
          }
        },
        "meta": {
          "name": "Button_1"
        },
        "position": {
          "height": 34,
          "width": 80,
          "x": 199,
          "y": 554
        },
        "props": {
          "enabled": false,
          "style": {
            "backgroundColor": "#0000D9"
          },
          "text": "Alarmas"
        },
        "type": "ia.input.button"
      },
      {
        "events": {
          "dom": {
            "onClick": {
              "config": {
                "params": {},
                "view": "Variador"
              },
              "scope": "C",
              "type": "nav"
            }
          }
        },
        "meta": {
          "name": "Button_2"
        },
        "position": {
          "height": 34,
          "width": 80,
          "x": 289,
          "y": 554
        },
        "props": {
          "style": {
            "backgroundColor": "#0000D9"
          },
          "text": "Variador"
        },
        "type": "ia.input.button"
      },
      {
        "children": [
          {
            "children": [
              {
                "meta": {
                  "name": "AlarmStatusTable"
                },
                "position": {
                  "height": 0.9886,
                  "width": 0.9874,
                  "x": 0.0028,
                  "y": 0.0012
                },
                "props": {
                  "columns": {
                    "active": {
                      "displayPath": {
                        "enabled": false
                      },
                      "label": {
                        "enabled": true,
                        "order": 3
                      },
                      "name": {
                        "order": 4
                      },
                      "priority": {
                        "width": 80
                      },
                      "source": {
                        "order": 6
                      },
                      "state": {
                        "order": 5
                      }
                    }
                  }
                },
                "type": "ia.display.alarmstatustable"
              }
            ],
            "meta": {
              "name": "Pestana_PLC"
            },
            "props": {
              "mode": "percent",
              "style": {
                "backgroundColor": "#FFFFCC"
              }
            },
            "type": "ia.container.coord"
          },
          {
            "meta": {
              "name": "Pestana_Logix"
            },
            "position": {
              "tabIndex": 1
            },
            "props": {
              "mode": "percent",
              "style": {
                "backgroundColor": "#FFFFCC"
              }
            },
            "type": "ia.container.coord"
          }
        ],
        "meta": {
          "name": "Pestanas"
        },
        "position": {
          "height": 477,
          "width": 400,
          "y": 67
        },
        "props": {
          "menuType": "modern",
          "tabs": [
            "PLC Fisico",
            "Logix Emulate"
          ]
        },
        "type": "ia.container.tab"
      }
    ],
    "meta": {
      "name": "root"
    },
    "props": {
      "style": {
        "backgroundColor": "#FFFFCC"
      }
    },
    "type": "ia.container.coord"
  }
}