{
  "custom": {},
  "params": {},
  "props": {
    "defaultSize": {
      "height": 600,
      "width": 400
    }
  },
  "root": {
    "children": [
      {
        "meta": {
          "name": "Portada_Reto2"
        },
        "position": {
          "height": 112,
          "width": 400,
          "y": 31
        },
        "props": {
          "fit": {
            "mode": "cover"
          },
          "source": "/system/images/Portada_Reto2.png"
        },
        "type": "ia.display.image"
      },
      {
        "meta": {
          "name": "Label"
        },
        "position": {
          "height": 30,
          "width": 400
        },
        "props": {
          "style": {
            "backgroundColor": "#FFFF8A",
            "fontWeight": "bold",
            "textAlign": "center"
          },
          "text": "SCADA Reto 2 - SCI 2022"
        },
        "type": "ia.display.label"
      },
      {
        "events": {
          "dom": {
            "onClick": {
              "config": {
                "params": {},
                "view": "Main"
              },
              "scope": "C",
              "type": "nav"
            }
          }
        },
        "meta": {
          "name": "Button"
        },
        "position": {
          "height": 34,
          "width": 80,
          "x": 19,
          "y": 554
        },
        "props": {
          "enabled": false,
          "style": {
            "backgroundColor": "#0000D9"
          },
          "text": "Principal"
        },
        "type": "ia.input.button"
      },
      {
        "events": {
          "dom": {
            "onClick": {
              "config": {
                "params": {},
                "view": "Historicos"
              },
              "scope": "C",
              "type": "nav"
            }
          }
        },
        "meta": {
          "name": "Button_0"
        },
        "position": {
          "height": 34,
          "width": 80,
          "x": 109,
          "y": 554
        },
        "props": {
          "style": {
            "backgroundColor": "#0000D9"
          },
          "text": "Históricos"
        },
        "type": "ia.input.button"
      },
      {
        "events": {
          "dom": {
            "onClick": {
              "config": {
                "params": {},
                "view": "Alarmas"
              },
              "scope": "C",
              "type": "nav"
            }
          }
        },
        "meta": {
          "name": "Button_1"
        },
        "position": {
          "height": 34,
          "width": 80,
          "x": 199,
          "y": 554
        },
        "props": {
          "style": {
            "backgroundColor": "#0000D9"
          },
          "text": "Alarmas"
        },
        "type": "ia.input.button"
      },
      {
        "events": {
          "dom": {
            "onClick": {
              "config": {
                "params": {},
                "view": "Variador"
              },
              "scope": "C",
              "type": "nav"
            }
          }
        },
        "meta": {
          "name": "Button_2"
        },
        "position": {
          "height": 34,
          "width": 80,
          "x": 289,
          "y": 554
        },
        "props": {
          "style": {
            "backgroundColor": "#0000D9"
          },
          "text": "Variador"
        },
        "type": "ia.input.button"
      },
      {
        "children": [
          {
            "children": [
              {
                "meta": {
                  "name": "Label"
                },
                "position": {
                  "height": 0.07,
                  "width": 1,
                  "y": 0.1471
                },
                "props": {
                  "style": {
                    "backgroundColor": "#FFFF8A",
                    "fontWeight": "bold",
                    "textAlign": "center"
                  },
                  "text": "ACTUADORES"
                },
                "type": "ia.display.label"
              },
              {
                "meta": {
                  "name": "Label_0"
                },
                "position": {
                  "height": 0.07,
                  "width": 1,
                  "y": 0.5425
                },
                "props": {
                  "style": {
                    "backgroundColor": "#FFFF8A",
                    "fontWeight": "bold",
                    "textAlign": "center"
                  },
                  "text": "SENSORES"
                },
                "type": "ia.display.label"
              },
              {
                "meta": {
                  "name": "Box_Feeder"
                },
                "position": {
                  "height": 0.15,
                  "width": 0.1859,
                  "x": 0.0704,
                  "y": 0.2252
                },
                "propConfig": {
                  "props.label.text": {
                    "binding": {
                      "config": {
                        "fallbackDelay": 2.5,
                        "mode": "direct",
                        "tagPath": "[default]Reto2_SCADA/Online/BOX_FEEDER"
                      },
                      "transforms": [
                        {
                          "fallback": null,
                          "inputType": "scalar",
                          "mappings": [
                            {
                              "input": true,
                              "output": "Box Feeder ON"
                            },
                            {
                              "input": false,
                              "output": "Box Feeder OFF"
                            }
                          ],
                          "outputType": "scalar",
                          "type": "map"
                        }
                      ],
                      "type": "tag"
                    }
                  },
                  "props.style.fill": {
                    "binding": {
                      "config": {
                        "fallbackDelay": 2.5,
                        "mode": "direct",
                        "tagPath": "[default]Reto2_SCADA/Online/BOX_FEEDER"
                      },
                      "transforms": [
                        {
                          "fallback": "#000000",
                          "inputType": "scalar",
                          "mappings": [
                            {
                              "input": true,
                              "output": "#00AC00"
                            },
                            {
                              "input": false,
                              "output": "#FF0000"
                            }
                          ],
                          "outputType": "color",
                          "type": "map"
                        }
                      ],
                      "type": "tag"
                    }
                  }
                },
                "props": {
                  "label": {
                    "style": {
                      "fontSize": 10
                    }
                  },
                  "value": {
                    "text": ""
                  }
                },
                "type": "ia.symbol.motor"
              },
              {
                "meta": {
                  "name": "Load_Belt"
                },
                "position": {
                  "height": 0.15,
                  "width": 0.1859,
                  "x": 0.3004,
                  "y": 0.2252
                },
                "propConfig": {
                  "props.label.text": {
                    "binding": {
                      "config": {
                        "fallbackDelay": 2.5,
                        "mode": "direct",
                        "tagPath": "[default]Reto2_SCADA/Online/LOAD_BELT"
                      },
                      "transforms": [
                        {
                          "fallback": null,
                          "inputType": "scalar",
                          "mappings": [
                            {
                              "input": true,
                              "output": "Load Belt ON"
                            },
                            {
                              "input": false,
                              "output": "Load Belt OFF"
                            }
                          ],
                          "outputType": "scalar",
                          "type": "map"
                        }
                      ],
                      "type": "tag"
                    }
                  },
                  "props.style.fill": {
                    "binding": {
                      "config": {
                        "fallbackDelay": 2.5,
                        "mode": "direct",
                        "tagPath": "[default]Reto2_SCADA/Online/LOAD_BELT"
                      },
                      "transforms": [
                        {
                          "fallback": "#000000",
                          "inputType": "scalar",
                          "mappings": [
                            {
                              "input": true,
                              "output": "#00AC00"
                            },
                            {
                              "input": false,
                              "output": "#FF0000"
                            }
                          ],
                          "outputType": "color",
                          "type": "map"
                        }
                      ],
                      "type": "tag"
                    }
                  }
                },
                "props": {
                  "label": {
                    "style": {
                      "fontSize": 10
                    }
                  },
                  "value": {
                    "text": ""
                  }
                },
                "type": "ia.symbol.motor"
              },
              {
                "meta": {
                  "name": "Turn"
                },
                "position": {
                  "height": 0.15,
                  "width": 0.1859,
                  "x": 0.5204,
                  "y": 0.2252
                },
                "propConfig": {
                  "props.label.text": {
                    "binding": {
                      "config": {
                        "fallbackDelay": 2.5,
                        "mode": "direct",
                        "tagPath": "[default]Reto2_SCADA/Online/TURN"
                      },
                      "transforms": [
                        {
                          "fallback": null,
                          "inputType": "scalar",
                          "mappings": [
                            {
                              "input": true,
                              "output": "Turn ON"
                            },
                            {
                              "input": false,
                              "output": "Turn OFF"
                            }
                          ],
                          "outputType": "scalar",
                          "type": "map"
                        }
                      ],
                      "type": "tag"
                    }
                  },
                  "props.style.fill": {
                    "binding": {
                      "config": {
                        "fallbackDelay": 2.5,
                        "mode": "direct",
                        "tagPath": "[default]Reto2_SCADA/Online/TURN"
                      },
                      "transforms": [
                        {
                          "fallback": "#000000",
                          "inputType": "scalar",
                          "mappings": [
                            {
                              "input": true,
                              "output": "#00AC00"
                            },
                            {
                              "input": false,
                              "output": "#FF0000"
                            }
                          ],
                          "outputType": "color",
                          "type": "map"
                        }
                      ],
                      "type": "tag"
                    }
                  }
                },
                "props": {
                  "label": {
                    "style": {
                      "fontSize": 10
                    }
                  },
                  "value": {
                    "text": ""
                  }
                },
                "type": "ia.symbol.motor"
              },
              {
                "meta": {
                  "name": "Push"
                },
                "position": {
                  "height": 0.15,
                  "width": 0.1859,
                  "x": 0.7354,
                  "y": 0.2252
                },
                "propConfig": {
                  "props.label.text": {
                    "binding": {
                      "config": {
                        "fallbackDelay": 2.5,
                        "mode": "direct",
                        "tagPath": "[default]Reto2_SCADA/Online/PUSH"
                      },
                      "transforms": [
                        {
                          "fallback": null,
                          "inputType": "scalar",
                          "mappings": [
                            {
                              "input": true,
                              "output": "Push ON"
                            },
                            {
                              "input": false,
                              "output": "Push OFF"
                            }
                          ],
                          "outputType": "scalar",
                          "type": "map"
                        }
                      ],
                      "type": "tag"
                    }
                  },
                  "props.style.fill": {
                    "binding": {
                      "config": {
                        "fallbackDelay": 2.5,
                        "mode": "direct",
                        "tagPath": "[default]Reto2_SCADA/Online/PUSH"
                      },
                      "transforms": [
                        {
                          "fallback": "#000000",
                          "inputType": "scalar",
                          "mappings": [
                            {
                              "input": true,
                              "output": "#00AC00"
                            },
                            {
                              "input": false,
                              "output": "#FF0000"
                            }
                          ],
                          "outputType": "color",
                          "type": "map"
                        }
                      ],
                      "type": "tag"
                    }
                  }
                },
                "props": {
                  "label": {
                    "style": {
                      "fontSize": 10
                    }
                  },
                  "value": {
                    "text": ""
                  }
                },
                "type": "ia.symbol.motor"
              },
              {
                "meta": {
                  "name": "Pallet_Feeder"
                },
                "position": {
                  "height": 0.15,
                  "width": 0.1859,
                  "x": 0.1829,
                  "y": 0.3838
                },
                "propConfig": {
                  "props.label.text": {
                    "binding": {
                      "config": {
                        "fallbackDelay": 2.5,
                        "mode": "direct",
                        "tagPath": "[default]Reto2_SCADA/Online/PALLET_FEEDER"
                      },
                      "transforms": [
                        {
                          "fallback": null,
                          "inputType": "scalar",
                          "mappings": [
                            {
                              "input": true,
                              "output": "Pallet Feeder ON"
                            },
                            {
                              "input": false,
                              "output": "Pallet Feeder OFF"
                            }
                          ],
                          "outputType": "scalar",
                          "type": "map"
                        }
                      ],
                      "type": "tag"
                    }
                  },
                  "props.style.fill": {
                    "binding": {
                      "config": {
                        "fallbackDelay": 2.5,
                        "mode": "direct",
                        "tagPath": "[default]Reto2_SCADA/Online/PALLET_FEEDER"
                      },
                      "transforms": [
                        {
                          "fallback": "#000000",
                          "inputType": "scalar",
                          "mappings": [
                            {
                              "input": true,
                              "output": "#00AC00"
                            },
                            {
                              "input": false,
                              "output": "#FF0000"
                            }
                          ],
                          "outputType": "color",
                          "type": "map"
                        }
                      ],
                      "type": "tag"
                    }
                  }
                },
                "props": {
                  "label": {
                    "style": {
                      "fontSize": 9
                    }
                  },
                  "value": {
                    "text": ""
                  }
                },
                "type": "ia.symbol.motor"
              },
              {
                "meta": {
                  "name": "Load_Pallet"
                },
                "position": {
                  "height": 0.15,
                  "width": 0.1859,
                  "x": 0.4029,
                  "y": 0.3838
                },
                "propConfig": {
                  "props.label.text": {
                    "binding": {
                      "config": {
                        "fallbackDelay": 2.5,
                        "mode": "direct",
                        "tagPath": "[default]Reto2_SCADA/Online/LOAD_PALLET"
                      },
                      "transforms": [
                        {
                          "fallback": null,
                          "inputType": "scalar",
                          "mappings": [
                            {
                              "input": true,
                              "output": "Load Pallet ON"
                            },
                            {
                              "input": false,
                              "output": "Load Pallet OFF"
                            }
                          ],
                          "outputType": "scalar",
                          "type": "map"
                        }
                      ],
                      "type": "tag"
                    }
                  },
                  "props.style.fill": {
                    "binding": {
                      "config": {
                        "fallbackDelay": 2.5,
                        "mode": "direct",
                        "tagPath": "[default]Reto2_SCADA/Online/LOAD_PALLET"
                      },
                      "transforms": [
                        {
                          "fallback": "#000000",
                          "inputType": "scalar",
                          "mappings": [
                            {
                              "input": true,
                              "output": "#00AC00"
                            },
                            {
                              "input": false,
                              "output": "#FF0000"
                            }
                          ],
                          "outputType": "color",
                          "type": "map"
                        }
                      ],
                      "type": "tag"
                    }
                  }
                },
                "props": {
                  "label": {
                    "style": {
                      "fontSize": 10
                    }
                  },
                  "value": {
                    "text": ""
                  }
                },
                "type": "ia.symbol.motor"
              },
              {
                "meta": {
                  "name": "Exit_Conveyor"
                },
                "position": {
                  "height": 0.15,
                  "width": 0.1859,
                  "x": 0.6179,
                  "y": 0.3838
                },
                "propConfig": {
                  "props.label.text": {
                    "binding": {
                      "config": {
                        "fallbackDelay": 2.5,
                        "mode": "direct",
                        "tagPath": "[default]Reto2_SCADA/Online/EXIT_CONVEYOR"
                      },
                      "transforms": [
                        {
                          "fallback": null,
                          "inputType": "scalar",
                          "mappings": [
                            {
                              "input": true,
                              "output": "Exit Conveyor ON"
                            },
                            {
                              "input": false,
                              "output": "Exit Conveyor OFF"
                            }
                          ],
                          "outputType": "scalar",
                          "type": "map"
                        }
                      ],
                      "type": "tag"
                    }
                  },
                  "props.style.fill": {
                    "binding": {
                      "config": {
                        "fallbackDelay": 2.5,
                        "mode": "direct",
                        "tagPath": "[default]Reto2_SCADA/Online/EXIT_CONVEYOR"
                      },
                      "transforms": [
                        {
                          "fallback": "#000000",
                          "inputType": "scalar",
                          "mappings": [
                            {
                              "input": true,
                              "output": "#00AC00"
                            },
                            {
                              "input": false,
                              "output": "#FF0000"
                            }
                          ],
                          "outputType": "color",
                          "type": "map"
                        }
                      ],
                      "type": "tag"
                    }
                  }
                },
                "props": {
                  "label": {
                    "style": {
                      "fontSize": 8
                    }
                  },
                  "value": {
                    "text": ""
                  }
                },
                "type": "ia.symbol.motor"
              },
              {
                "meta": {
                  "name": "Box_At_Entry"
                },
                "position": {
                  "height": 0.16,
                  "rotate": {
                    "anchor": "35% 0%"
                  },
                  "width": 0.1206,
                  "x": 0.1784,
                  "y": 0.6255
                },
                "propConfig": {
                  "props.style.fill": {
                    "binding": {
                      "config": {
                        "fallbackDelay": 2.5,
                        "mode": "direct",
                        "tagPath": "[default]Reto2_SCADA/Online/BOX_AT_ENTRY"
                      },
                      "transforms": [
                        {
                          "fallback": "#000000",
                          "inputType": "scalar",
                          "mappings": [
                            {
                              "input": true,
                              "output": "#00AC00"
                            },
                            {
                              "input": false,
                              "output": "#D90000"
                            }
                          ],
                          "outputType": "color",
                          "type": "map"
                        }
                      ],
                      "type": "tag"
                    }
                  }
                },
                "props": {
                  "label": {
                    "location": "bottom",
                    "style": {
                      "fontSize": 10
                    },
                    "text": "Box at Entry"
                  },
                  "value": {
                    "location": "hidden"
                  }
                },
                "type": "ia.symbol.sensor"
              },
              {
                "meta": {
                  "name": "Pallet_At_Entry"
                },
                "position": {
                  "height": 0.16,
                  "rotate": {
                    "anchor": "35% 0%"
                  },
                  "width": 0.1206,
                  "x": 0.3384,
                  "y": 0.6255
                },
                "propConfig": {
                  "props.style.fill": {
                    "binding": {
                      "config": {
                        "fallbackDelay": 2.5,
                        "mode": "direct",
                        "tagPath": "[default]Reto2_SCADA/Online/PALLET_ENTRY"
                      },
                      "transforms": [
                        {
                          "fallback": "#000000",
                          "inputType": "scalar",
                          "mappings": [
                            {
                              "input": true,
                              "output": "#00AC00"
                            },
                            {
                              "input": false,
                              "output": "#D90000"
                            }
                          ],
                          "outputType": "color",
                          "type": "map"
                        }
                      ],
                      "type": "tag"
                    }
                  }
                },
                "props": {
                  "label": {
                    "location": "bottom",
                    "style": {
                      "fontSize": 10
                    },
                    "text": "Pallet at Entry"
                  },
                  "value": {
                    "location": "hidden"
                  }
                },
                "type": "ia.symbol.sensor"
              },
              {
                "meta": {
                  "name": "Pallet_Loaded"
                },
                "position": {
                  "height": 0.16,
                  "rotate": {
                    "anchor": "35% 0%"
                  },
                  "width": 0.1206,
                  "x": 0.5034,
                  "y": 0.6255
                },
                "propConfig": {
                  "props.style.fill": {
                    "binding": {
                      "config": {
                        "fallbackDelay": 2.5,
                        "mode": "direct",
                        "tagPath": "[default]Reto2_SCADA/Online/PALLET_LOADED"
                      },
                      "transforms": [
                        {
                          "fallback": "#000000",
                          "inputType": "scalar",
                          "mappings": [
                            {
                              "input": true,
                              "output": "#00AC00"
                            },
                            {
                              "input": false,
                              "output": "#D90000"
                            }
                          ],
                          "outputType": "color",
                          "type": "map"
                        }
                      ],
                      "type": "tag"
                    }
                  }
                },
                "props": {
                  "label": {
                    "location": "bottom",
                    "style": {
                      "fontSize": 10
                    },
                    "text": "Pallet Loaded"
                  },
                  "value": {
                    "location": "hidden"
                  }
                },
                "type": "ia.symbol.sensor"
              },
              {
                "meta": {
                  "name": "Pallet_At_Entry_0"
                },
                "position": {
                  "height": 0.16,
                  "rotate": {
                    "anchor": "35% 0%"
                  },
                  "width": 0.1206,
                  "x": 0.6734,
                  "y": 0.6255
                },
                "propConfig": {
                  "props.style.fill": {
                    "binding": {
                      "config": {
                        "fallbackDelay": 2.5,
                        "mode": "direct",
                        "tagPath": "[default]Reto2_SCADA/Online/PALLET_EXIT"
                      },
                      "transforms": [
                        {
                          "fallback": "#000000",
                          "inputType": "scalar",
                          "mappings": [
                            {
                              "input": true,
                              "output": "#00AC00"
                            },
                            {
                              "input": false,
                              "output": "#D90000"
                            }
                          ],
                          "outputType": "color",
                          "type": "map"
                        }
                      ],
                      "type": "tag"
                    }
                  }
                },
                "props": {
                  "label": {
                    "location": "bottom",
                    "style": {
                      "fontSize": 10
                    },
                    "text": "Pallet at Exit"
                  },
                  "value": {
                    "location": "hidden"
                  }
                },
                "type": "ia.symbol.sensor"
              },
              {
                "meta": {
                  "name": "Label_1"
                },
                "position": {
                  "height": 0.1,
                  "width": 1,
                  "y": 0.7942
                },
                "props": {
                  "style": {
                    "backgroundColor": "#FFFF8A",
                    "fontSize": 13,
                    "fontWeight": "bold",
                    "textAlign": "left"
                  },
                  "text": " Número de cajas:"
                },
                "type": "ia.display.label"
              },
              {
                "meta": {
                  "name": "Label_2"
                },
                "position": {
                  "height": 0.1,
                  "width": 1,
                  "y": 0.8931
                },
                "props": {
                  "style": {
                    "backgroundColor": "#FFFF8A",
                    "fontSize": 13,
                    "fontWeight": "bold",
                    "textAlign": "left"
                  },
                  "text": " Número de pallets:"
                },
                "type": "ia.display.label"
              },
              {
                "meta": {
                  "name": "Contador_Cajas"
                },
                "position": {
                  "height": 0.0727,
                  "width": 0.3216,
                  "x": 0.6482,
                  "y": 0.808
                },
                "type": "ia.display.led-display"
              },
              {
                "meta": {
                  "name": "Contador_Pallets"
                },
                "position": {
                  "height": 0.0727,
                  "width": 0.3216,
                  "x": 0.6482,
                  "y": 0.9046
                },
                "type": "ia.display.led-display"
              },
              {
                "events": {
                  "dom": {
                    "onClick": {
                      "config": {
                        "script": "\t\n\timport time\n\tsystem.tag.write(\"[default]Reto2_SCADA/Online/START_SCADA\",1)\n\ttime.sleep(1)\n\tsystem.tag.write(\"[default]Reto2_SCADA/Online/START_SCADA\",0)"
                      },
                      "scope": "G",
                      "type": "script"
                    }
                  }
                },
                "meta": {
                  "name": "Button_Start_Logix"
                },
                "position": {
                  "height": 0.12,
                  "width": 0.201,
                  "x": 0.2336,
                  "y": 0.0133
                },
                "propConfig": {
                  "props.style.backgroundColor": {
                    "binding": {
                      "config": {
                        "fallbackDelay": 2.5,
                        "mode": "direct",
                        "tagPath": "[default]Reto2_SCADA/Online/START_SCADA"
                      },
                      "transforms": [
                        {
                          "fallback": "#000000",
                          "inputType": "scalar",
                          "mappings": [
                            {
                              "input": true,
                              "output": "#00AC00"
                            },
                            {
                              "input": false,
                              "output": "#00D900"
                            }
                          ],
                          "outputType": "color",
                          "type": "map"
                        }
                      ],
                      "type": "tag"
                    }
                  }
                },
                "props": {
                  "text": "Start Logix"
                },
                "type": "ia.input.button"
              },
              {
                "events": {
                  "dom": {
                    "onClick": {
                      "config": {
                        "script": "\t\n\timport time\n\tsystem.tag.write(\"[default]Reto2_SCADA/Online/STOP_SCADA\",1)\n\ttime.sleep(1)\n\tsystem.tag.write(\"[default]Reto2_SCADA/Online/STOP_SCADA\",0)"
                      },
                      "scope": "G",
                      "type": "script"
                    }
                  }
                },
                "meta": {
                  "name": "Button_Stop_Logix"
                },
                "position": {
                  "height": 0.12,
                  "width": 0.201,
                  "x": 0.51,
                  "y": 0.0133
                },
                "propConfig": {
                  "props.style.backgroundColor": {
                    "binding": {
                      "config": {
                        "fallbackDelay": 2.5,
                        "mode": "direct",
                        "tagPath": "[default]Reto2_SCADA/Online/STOP_SCADA"
                      },
                      "transforms": [
                        {
                          "fallback": "#000000",
                          "inputType": "scalar",
                          "mappings": [
                            {
                              "input": true,
                              "output": "#D90000"
                            },
                            {
                              "input": false,
                              "output": "#FF0000"
                            }
                          ],
                          "outputType": "color",
                          "type": "map"
                        }
                      ],
                      "type": "tag"
                    }
                  }
                },
                "props": {
                  "text": "Stop Logix"
                },
                "type": "ia.input.button"
              }
            ],
            "meta": {
              "name": "Pestana_PLC"
            },
            "props": {
              "mode": "percent",
              "style": {
                "backgroundColor": "#FFFFCC"
              }
            },
            "type": "ia.container.coord"
          },
          {
            "children": [
              {
                "meta": {
                  "name": "Label"
                },
                "position": {
                  "height": 0.07,
                  "width": 1,
                  "y": 0.1471
                },
                "props": {
                  "style": {
                    "backgroundColor": "#FFFF8A",
                    "fontWeight": "bold",
                    "textAlign": "center"
                  },
                  "text": "ACTUADORES"
                },
                "type": "ia.display.label"
              },
              {
                "meta": {
                  "name": "Label_0"
                },
                "position": {
                  "height": 0.07,
                  "width": 1,
                  "y": 0.5425
                },
                "props": {
                  "style": {
                    "backgroundColor": "#FFFF8A",
                    "fontWeight": "bold",
                    "textAlign": "center"
                  },
                  "text": "SENSORES"
                },
                "type": "ia.display.label"
              },
              {
                "meta": {
                  "name": "Box_Feeder"
                },
                "position": {
                  "height": 0.15,
                  "width": 0.1859,
                  "x": 0.0704,
                  "y": 0.2252
                },
                "propConfig": {
                  "props.label.text": {
                    "binding": {
                      "config": {
                        "fallbackDelay": 2.5,
                        "mode": "direct",
                        "tagPath": "[default]Reto2_SCADA_PLC/Controller:Global/BOOL_OUT_0"
                      },
                      "transforms": [
                        {
                          "fallback": null,
                          "inputType": "scalar",
                          "mappings": [
                            {
                              "input": true,
                              "output": "Box Feeder ON"
                            },
                            {
                              "input": false,
                              "output": "Box Feeder OFF"
                            }
                          ],
                          "outputType": "scalar",
                          "type": "map"
                        }
                      ],
                      "type": "tag"
                    }
                  },
                  "props.style.fill": {
                    "binding": {
                      "config": {
                        "fallbackDelay": 2.5,
                        "mode": "direct",
                        "tagPath": "[default]Reto2_SCADA_PLC/Controller:Global/BOOL_OUT_0"
                      },
                      "transforms": [
                        {
                          "fallback": "#000000",
                          "inputType": "scalar",
                          "mappings": [
                            {
                              "input": true,
                              "output": "#00AC00"
                            },
                            {
                              "input": false,
                              "output": "#FF0000"
                            }
                          ],
                          "outputType": "color",
                          "type": "map"
                        }
                      ],
                      "type": "tag"
                    }
                  }
                },
                "props": {
                  "label": {
                    "style": {
                      "fontSize": 10
                    }
                  },
                  "value": {
                    "text": ""
                  }
                },
                "type": "ia.symbol.motor"
              },
              {
                "meta": {
                  "name": "Load_Belt"
                },
                "position": {
                  "height": 0.15,
                  "width": 0.1859,
                  "x": 0.3004,
                  "y": 0.2252
                },
                "propConfig": {
                  "props.label.text": {
                    "binding": {
                      "config": {
                        "fallbackDelay": 2.5,
                        "mode": "direct",
                        "tagPath": "[default]Reto2_SCADA_PLC/Controller:Global/BOOL_OUT_5"
                      },
                      "transforms": [
                        {
                          "fallback": null,
                          "inputType": "scalar",
                          "mappings": [
                            {
                              "input": true,
                              "output": "Load Belt ON"
                            },
                            {
                              "input": false,
                              "output": "Load Belt OFF"
                            }
                          ],
                          "outputType": "scalar",
                          "type": "map"
                        }
                      ],
                      "type": "tag"
                    }
                  },
                  "props.style.fill": {
                    "binding": {
                      "config": {
                        "fallbackDelay": 2.5,
                        "mode": "direct",
                        "tagPath": "[default]Reto2_SCADA_PLC/Controller:Global/BOOL_OUT_5"
                      },
                      "transforms": [
                        {
                          "fallback": "#000000",
                          "inputType": "scalar",
                          "mappings": [
                            {
                              "input": true,
                              "output": "#00AC00"
                            },
                            {
                              "input": false,
                              "output": "#FF0000"
                            }
                          ],
                          "outputType": "color",
                          "type": "map"
                        }
                      ],
                      "type": "tag"
                    }
                  }
                },
                "props": {
                  "label": {
                    "style": {
                      "fontSize": 10
                    }
                  },
                  "value": {
                    "text": ""
                  }
                },
                "type": "ia.symbol.motor"
              },
              {
                "meta": {
                  "name": "Turn"
                },
                "position": {
                  "height": 0.15,
                  "width": 0.1859,
                  "x": 0.5204,
                  "y": 0.2252
                },
                "propConfig": {
                  "props.label.text": {
                    "binding": {
                      "config": {
                        "fallbackDelay": 2.5,
                        "mode": "direct",
                        "tagPath": "[default]Reto2_SCADA_PLC/Controller:Global/BOOL_OUT_11"
                      },
                      "transforms": [
                        {
                          "fallback": null,
                          "inputType": "scalar",
                          "mappings": [
                            {
                              "input": true,
                              "output": "Turn ON"
                            },
                            {
                              "input": false,
                              "output": "Turn OFF"
                            }
                          ],
                          "outputType": "scalar",
                          "type": "map"
                        }
                      ],
                      "type": "tag"
                    }
                  },
                  "props.style.fill": {
                    "binding": {
                      "config": {
                        "fallbackDelay": 2.5,
                        "mode": "direct",
                        "tagPath": "[default]Reto2_SCADA_PLC/Controller:Global/BOOL_OUT_11"
                      },
                      "transforms": [
                        {
                          "fallback": "#000000",
                          "inputType": "scalar",
                          "mappings": [
                            {
                              "input": true,
                              "output": "#00AC00"
                            },
                            {
                              "input": false,
                              "output": "#FF0000"
                            }
                          ],
                          "outputType": "color",
                          "type": "map"
                        }
                      ],
                      "type": "tag"
                    }
                  }
                },
                "props": {
                  "label": {
                    "style": {
                      "fontSize": 10
                    }
                  },
                  "value": {
                    "text": ""
                  }
                },
                "type": "ia.symbol.motor"
              },
              {
                "meta": {
                  "name": "Push"
                },
                "position": {
                  "height": 0.15,
                  "width": 0.1859,
                  "x": 0.7354,
                  "y": 0.2252
                },
                "propConfig": {
                  "props.label.text": {
                    "binding": {
                      "config": {
                        "fallbackDelay": 2.5,
                        "mode": "direct",
                        "tagPath": "[default]Reto2_SCADA_PLC/Controller:Global/BOOL_OUT_10"
                      },
                      "transforms": [
                        {
                          "fallback": null,
                          "inputType": "scalar",
                          "mappings": [
                            {
                              "input": true,
                              "output": "Push ON"
                            },
                            {
                              "input": false,
                              "output": "Push OFF"
                            }
                          ],
                          "outputType": "scalar",
                          "type": "map"
                        }
                      ],
                      "type": "tag"
                    }
                  },
                  "props.style.fill": {
                    "binding": {
                      "config": {
                        "fallbackDelay": 2.5,
                        "mode": "direct",
                        "tagPath": "[default]Reto2_SCADA_PLC/Controller:Global/BOOL_OUT_10"
                      },
                      "transforms": [
                        {
                          "fallback": "#000000",
                          "inputType": "scalar",
                          "mappings": [
                            {
                              "input": true,
                              "output": "#00AC00"
                            },
                            {
                              "input": false,
                              "output": "#FF0000"
                            }
                          ],
                          "outputType": "color",
                          "type": "map"
                        }
                      ],
                      "type": "tag"
                    }
                  }
                },
                "props": {
                  "label": {
                    "style": {
                      "fontSize": 10
                    }
                  },
                  "value": {
                    "text": ""
                  }
                },
                "type": "ia.symbol.motor"
              },
              {
                "meta": {
                  "name": "Pallet_Feeder"
                },
                "position": {
                  "height": 0.15,
                  "width": 0.1859,
                  "x": 0.1829,
                  "y": 0.3838
                },
                "propConfig": {
                  "props.label.text": {
                    "binding": {
                      "config": {
                        "fallbackDelay": 2.5,
                        "mode": "direct",
                        "tagPath": "[default]Reto2_SCADA_PLC/Controller:Global/BOOL_OUT_9"
                      },
                      "transforms": [
                        {
                          "fallback": null,
                          "inputType": "scalar",
                          "mappings": [
                            {
                              "input": true,
                              "output": "Pallet Feeder ON"
                            },
                            {
                              "input": false,
                              "output": "Pallet Feeder OFF"
                            }
                          ],
                          "outputType": "scalar",
                          "type": "map"
                        }
                      ],
                      "type": "tag"
                    }
                  },
                  "props.style.fill": {
                    "binding": {
                      "config": {
                        "fallbackDelay": 2.5,
                        "mode": "direct",
                        "tagPath": "[default]Reto2_SCADA_PLC/Controller:Global/BOOL_OUT_9"
                      },
                      "transforms": [
                        {
                          "fallback": "#000000",
                          "inputType": "scalar",
                          "mappings": [
                            {
                              "input": true,
                              "output": "#00AC00"
                            },
                            {
                              "input": false,
                              "output": "#FF0000"
                            }
                          ],
                          "outputType": "color",
                          "type": "map"
                        }
                      ],
                      "type": "tag"
                    }
                  }
                },
                "props": {
                  "label": {
                    "style": {
                      "fontSize": 9
                    }
                  },
                  "value": {
                    "text": ""
                  }
                },
                "type": "ia.symbol.motor"
              },
              {
                "meta": {
                  "name": "Load_Pallet"
                },
                "position": {
                  "height": 0.15,
                  "width": 0.1859,
                  "x": 0.4029,
                  "y": 0.3838
                },
                "propConfig": {
                  "props.label.text": {
                    "binding": {
                      "config": {
                        "fallbackDelay": 2.5,
                        "mode": "direct",
                        "tagPath": "[default]Reto2_SCADA_PLC/Controller:Global/BOOL_OUT_6"
                      },
                      "transforms": [
                        {
                          "fallback": null,
                          "inputType": "scalar",
                          "mappings": [
                            {
                              "input": true,
                              "output": "Load Pallet ON"
                            },
                            {
                              "input": false,
                              "output": "Load Pallet OFF"
                            }
                          ],
                          "outputType": "scalar",
                          "type": "map"
                        }
                      ],
                      "type": "tag"
                    }
                  },
                  "props.style.fill": {
                    "binding": {
                      "config": {
                        "fallbackDelay": 2.5,
                        "mode": "direct",
                        "tagPath": "[default]Reto2_SCADA_PLC/Controller:Global/BOOL_OUT_9"
                      },
                      "transforms": [
                        {
                          "fallback": "#000000",
                          "inputType": "scalar",
                          "mappings": [
                            {
                              "input": true,
                              "output": "#00AC00"
                            },
                            {
                              "input": false,
                              "output": "#FF0000"
                            }
                          ],
                          "outputType": "color",
                          "type": "map"
                        }
                      ],
                      "type": "tag"
                    }
                  }
                },
                "props": {
                  "label": {
                    "style": {
                      "fontSize": 10
                    }
                  },
                  "value": {
                    "text": ""
                  }
                },
                "type": "ia.symbol.motor"
              },
              {
                "meta": {
                  "name": "Exit_Conveyor"
                },
                "position": {
                  "height": 0.15,
                  "width": 0.1859,
                  "x": 0.6179,
                  "y": 0.3838
                },
                "propConfig": {
                  "props.label.text": {
                    "binding": {
                      "config": {
                        "fallbackDelay": 2.5,
                        "mode": "direct",
                        "tagPath": "[default]Reto2_SCADA_PLC/Controller:Global/BOOL_OUT_4"
                      },
                      "transforms": [
                        {
                          "fallback": null,
                          "inputType": "scalar",
                          "mappings": [
                            {
                              "input": true,
                              "output": "Exit Conveyor ON"
                            },
                            {
                              "input": false,
                              "output": "Exit Conveyor OFF"
                            }
                          ],
                          "outputType": "scalar",
                          "type": "map"
                        }
                      ],
                      "type": "tag"
                    }
                  },
                  "props.style.fill": {
                    "binding": {
                      "config": {
                        "fallbackDelay": 2.5,
                        "mode": "direct",
                        "tagPath": "[default]Reto2_SCADA_PLC/Controller:Global/BOOL_OUT_4"
                      },
                      "transforms": [
                        {
                          "fallback": "#000000",
                          "inputType": "scalar",
                          "mappings": [
                            {
                              "input": true,
                              "output": "#00AC00"
                            },
                            {
                              "input": false,
                              "output": "#FF0000"
                            }
                          ],
                          "outputType": "color",
                          "type": "map"
                        }
                      ],
                      "type": "tag"
                    }
                  }
                },
                "props": {
                  "label": {
                    "style": {
                      "fontSize": 8
                    }
                  },
                  "value": {
                    "text": ""
                  }
                },
                "type": "ia.symbol.motor"
              },
              {
                "meta": {
                  "name": "Box_At_Entry"
                },
                "position": {
                  "height": 0.16,
                  "rotate": {
                    "anchor": "35% 0%"
                  },
                  "width": 0.1206,
                  "x": 0.1784,
                  "y": 0.6255
                },
                "propConfig": {
                  "props.style.fill": {
                    "binding": {
                      "config": {
                        "fallbackDelay": 2.5,
                        "mode": "direct",
                        "tagPath": "[default]Reto2_SCADA_PLC/Controller:Global/BOOL_IN_1"
                      },
                      "transforms": [
                        {
                          "fallback": "#000000",
                          "inputType": "scalar",
                          "mappings": [
                            {
                              "input": true,
                              "output": "#00AC00"
                            },
                            {
                              "input": false,
                              "output": "#D90000"
                            }
                          ],
                          "outputType": "color",
                          "type": "map"
                        }
                      ],
                      "type": "tag"
                    }
                  }
                },
                "props": {
                  "label": {
                    "location": "bottom",
                    "style": {
                      "fontSize": 10
                    },
                    "text": "Box at Entry"
                  },
                  "value": {
                    "location": "hidden"
                  }
                },
                "type": "ia.symbol.sensor"
              },
              {
                "meta": {
                  "name": "Pallet_At_Entry"
                },
                "position": {
                  "height": 0.16,
                  "rotate": {
                    "anchor": "35% 0%"
                  },
                  "width": 0.1206,
                  "x": 0.3384,
                  "y": 0.6255
                },
                "propConfig": {
                  "props.style.fill": {
                    "binding": {
                      "config": {
                        "fallbackDelay": 2.5,
                        "mode": "direct",
                        "tagPath": "[default]Reto2_SCADA_PLC/Controller:Global/BOOL_IN_7"
                      },
                      "transforms": [
                        {
                          "fallback": "#000000",
                          "inputType": "scalar",
                          "mappings": [
                            {
                              "input": true,
                              "output": "#00AC00"
                            },
                            {
                              "input": false,
                              "output": "#D90000"
                            }
                          ],
                          "outputType": "color",
                          "type": "map"
                        }
                      ],
                      "type": "tag"
                    }
                  }
                },
                "props": {
                  "label": {
                    "location": "bottom",
                    "style": {
                      "fontSize": 10
                    },
                    "text": "Pallet at Entry"
                  },
                  "value": {
                    "location": "hidden"
                  }
                },
                "type": "ia.symbol.sensor"
              },
              {
                "meta": {
                  "name": "Pallet_Loaded"
                },
                "position": {
                  "height": 0.16,
                  "rotate": {
                    "anchor": "35% 0%"
                  },
                  "width": 0.1206,
                  "x": 0.5034,
                  "y": 0.6255
                },
                "propConfig": {
                  "props.style.fill": {
                    "binding": {
                      "config": {
                        "fallbackDelay": 2.5,
                        "mode": "direct",
                        "tagPath": "[default]Reto2_SCADA_PLC/Controller:Global/BOOL_IN_9"
                      },
                      "transforms": [
                        {
                          "fallback": "#000000",
                          "inputType": "scalar",
                          "mappings": [
                            {
                              "input": true,
                              "output": "#00AC00"
                            },
                            {
                              "input": false,
                              "output": "#D90000"
                            }
                          ],
                          "outputType": "color",
                          "type": "map"
                        }
                      ],
                      "type": "tag"
                    }
                  }
                },
                "props": {
                  "label": {
                    "location": "bottom",
                    "style": {
                      "fontSize": 10
                    },
                    "text": "Pallet Loaded"
                  },
                  "value": {
                    "location": "hidden"
                  }
                },
                "type": "ia.symbol.sensor"
              },
              {
                "meta": {
                  "name": "Pallet_At_Entry_0"
                },
                "position": {
                  "height": 0.16,
                  "rotate": {
                    "anchor": "35% 0%"
                  },
                  "width": 0.1206,
                  "x": 0.6734,
                  "y": 0.6255
                },
                "propConfig": {
                  "props.style.fill": {
                    "binding": {
                      "config": {
                        "fallbackDelay": 2.5,
                        "mode": "direct",
                        "tagPath": "[default]Reto2_SCADA_PLC/Controller:Global/BOOL_IN_8"
                      },
                      "transforms": [
                        {
                          "fallback": "#000000",
                          "inputType": "scalar",
                          "mappings": [
                            {
                              "input": true,
                              "output": "#00AC00"
                            },
                            {
                              "input": false,
                              "output": "#D90000"
                            }
                          ],
                          "outputType": "color",
                          "type": "map"
                        }
                      ],
                      "type": "tag"
                    }
                  }
                },
                "props": {
                  "label": {
                    "location": "bottom",
                    "style": {
                      "fontSize": 10
                    },
                    "text": "Pallet at Exit"
                  },
                  "value": {
                    "location": "hidden"
                  }
                },
                "type": "ia.symbol.sensor"
              },
              {
                "meta": {
                  "name": "Label_1"
                },
                "position": {
                  "height": 0.1,
                  "width": 1,
                  "y": 0.7942
                },
                "props": {
                  "style": {
                    "backgroundColor": "#FFFF8A",
                    "fontSize": 13,
                    "fontWeight": "bold",
                    "textAlign": "left"
                  },
                  "text": " Número de cajas:"
                },
                "type": "ia.display.label"
              },
              {
                "meta": {
                  "name": "Label_2"
                },
                "position": {
                  "height": 0.1,
                  "width": 1,
                  "y": 0.8931
                },
                "props": {
                  "style": {
                    "backgroundColor": "#FFFF8A",
                    "fontSize": 13,
                    "fontWeight": "bold",
                    "textAlign": "left"
                  },
                  "text": " Número de pallets:"
                },
                "type": "ia.display.label"
              },
              {
                "meta": {
                  "name": "Contador_Cajas"
                },
                "position": {
                  "height": 0.0727,
                  "width": 0.3216,
                  "x": 0.6482,
                  "y": 0.808
                },
                "propConfig": {
                  "props.value": {
                    "binding": {
                      "config": {
                        "fallbackDelay": 2.5,
                        "mode": "direct",
                        "tagPath": "[default]Reto2_SCADA_PLC/Controller:Global/INT_OUT_0"
                      },
                      "type": "tag"
                    }
                  }
                },
                "type": "ia.display.led-display"
              },
              {
                "meta": {
                  "name": "Contador_Pallets"
                },
                "position": {
                  "height": 0.0727,
                  "width": 0.3216,
                  "x": 0.6482,
                  "y": 0.9046
                },
                "propConfig": {
                  "props.value": {
                    "binding": {
                      "config": {
                        "fallbackDelay": 2.5,
                        "mode": "direct",
                        "tagPath": "[default]Reto2_SCADA_PLC/Controller:Global/INT_OUT_1"
                      },
                      "type": "tag"
                    }
                  }
                },
                "type": "ia.display.led-display"
              },
              {
                "events": {
                  "dom": {
                    "onClick": {
                      "config": {
                        "script": "\t\n\timport time\n\tsystem.tag.write(\"[default]Reto2_SCADA_PLC/Controller:Global/START_SCADA\",1)\n\ttime.sleep(1)\n\tsystem.tag.write(\"[default]Reto2_SCADA_PLC/Controller:Global/START_SCADA\",0)"
                      },
                      "scope": "G",
                      "type": "script"
                    }
                  }
                },
                "meta": {
                  "name": "Button_Start"
                },
                "position": {
                  "height": 0.12,
                  "width": 0.201,
                  "x": 0.1286,
                  "y": 0.0133
                },
                "propConfig": {
                  "props.enabled": {
                    "binding": {
                      "config": {
                        "fallbackDelay": 2.5,
                        "mode": "direct",
                        "tagPath": "[default]Reto2_SCADA_PLC/Controller:Global/BOOL_IN_0"
                      },
                      "type": "tag"
                    }
                  },
                  "props.style.backgroundColor": {
                    "binding": {
                      "config": {
                        "fallbackDelay": 2.5,
                        "mode": "direct",
                        "tagPath": "[default]Reto2_SCADA_PLC/Controller:Global/START_SCADA"
                      },
                      "transforms": [
                        {
                          "fallback": "#000000",
                          "inputType": "scalar",
                          "mappings": [
                            {
                              "input": true,
                              "output": "#00AC00"
                            },
                            {
                              "input": false,
                              "output": "#00D900"
                            }
                          ],
                          "outputType": "color",
                          "type": "map"
                        }
                      ],
                      "type": "tag"
                    }
                  }
                },
                "props": {
                  "text": "Start"
                },
                "type": "ia.input.button"
              },
              {
                "events": {
                  "dom": {
                    "onClick": {
                      "config": {
                        "script": "\t\n\timport time\n\tsystem.tag.write(\"[default]Reto2_SCADA_PLC/Controller:Global/STOP_SCADA\",1)\n\ttime.sleep(1)\n\tsystem.tag.write(\"[default]Reto2_SCADA_PLC/Controller:Global/STOP_SCADA\",0)"
                      },
                      "scope": "G",
                      "type": "script"
                    }
                  }
                },
                "meta": {
                  "name": "Button_Stop"
                },
                "position": {
                  "height": 0.12,
                  "width": 0.201,
                  "x": 0.3425,
                  "y": 0.0133
                },
                "propConfig": {
                  "props.enabled": {
                    "binding": {
                      "config": {
                        "fallbackDelay": 2.5,
                        "mode": "direct",
                        "publishInitial": false,
                        "tagPath": "[default]Reto2_SCADA_PLC/Controller:Global/BOOL_IN_0"
                      },
                      "type": "tag"
                    }
                  },
                  "props.style.backgroundColor": {
                    "binding": {
                      "config": {
                        "fallbackDelay": 2.5,
                        "mode": "direct",
                        "tagPath": "[default]Reto2_SCADA_PLC/Controller:Global/STOP_SCADA"
                      },
                      "transforms": [
                        {
                          "fallback": "#000000",
                          "inputType": "scalar",
                          "mappings": [
                            {
                              "input": true,
                              "output": "#D90000"
                            },
                            {
                              "input": false,
                              "output": "#FF0000"
                            }
                          ],
                          "outputType": "color",
                          "type": "map"
                        }
                      ],
                      "type": "tag"
                    }
                  }
                },
                "props": {
                  "text": "Stop"
                },
                "type": "ia.input.button"
              },
              {
                "meta": {
                  "name": "Label_3"
                },
                "position": {
                  "height": 0.0877,
                  "width": 0.3065,
                  "x": 0.6784,
                  "y": 0.0328
                },
                "propConfig": {
                  "props.text": {
                    "binding": {
                      "config": {
                        "fallbackDelay": 2.5,
                        "mode": "direct",
                        "tagPath": "[default]Reto2_SCADA_PLC/Controller:Global/BOOL_IN_0"
                      },
                      "transforms": [
                        {
                          "fallback": null,
                          "inputType": "scalar",
                          "mappings": [
                            {
                              "input": true,
                              "output": "Modo: Auto"
                            },
                            {
                              "input": false,
                              "output": "Modo: Manual"
                            }
                          ],
                          "outputType": "scalar",
                          "type": "map"
                        }
                      ],
                      "type": "tag"
                    }
                  }
                },
                "props": {
                  "style": {
                    "fontWeight": "bold"
                  }
                },
                "type": "ia.display.label"
              }
            ],
            "meta": {
              "name": "Pestana_Logix"
            },
            "position": {
              "tabIndex": 1
            },
            "props": {
              "mode": "percent",
              "style": {
                "backgroundColor": "#FFFFCC"
              }
            },
            "type": "ia.container.coord"
          }
        ],
        "meta": {
          "name": "Pestanas"
        },
        "position": {
          "height": 402,
          "width": 400,
          "y": 142
        },
        "props": {
          "currentTabIndex": 1,
          "menuType": "modern",
          "tabs": [
            "Logix Emulate",
            "PLC Fisico"
          ]
        },
        "type": "ia.container.tab"
      }
    ],
    "meta": {
      "name": "root"
    },
    "props": {
      "style": {
        "backgroundColor": "#FFFFCC"
      }
    },
    "type": "ia.container.coord"
  }
}