{
  "custom": {},
  "params": {},
  "props": {
    "defaultSize": {
      "height": 600,
      "width": 400
    }
  },
  "root": {
    "children": [
      {
        "meta": {
          "name": "Label"
        },
        "position": {
          "height": 40,
          "width": 400
        },
        "props": {
          "style": {
            "fontWeight": "bold",
            "textAlign": "center"
          },
          "text": "Control Variador Reto 2 - SCI 2022"
        },
        "type": "ia.display.label"
      },
      {
        "children": [
          {
            "children": [
              {
                "meta": {
                  "name": "NumericEntryField_1"
                },
                "position": {
                  "height": 0.0727,
                  "width": 0.7136,
                  "x": 0.1331,
                  "y": 0.3409
                },
                "propConfig": {
                  "props.value": {
                    "binding": {
                      "config": {
                        "bidirectional": true,
                        "fallbackDelay": 2.5,
                        "mode": "direct",
                        "tagPath": "[default]Reto2_SCADA_PLC/Controller:Global/VEL_VARIADOR"
                      },
                      "type": "tag"
                    }
                  }
                },
                "props": {
                  "inputBounds": {
                    "maximum": 3600,
                    "minimum": 0
                  },
                  "mode": "button"
                },
                "type": "ia.input.numeric-entry-field"
              },
              {
                "meta": {
                  "name": "Slider"
                },
                "position": {
                  "height": 0.0727,
                  "width": 0.6432,
                  "x": 0.1332,
                  "y": 0.4477
                },
                "propConfig": {
                  "props.value": {
                    "binding": {
                      "config": {
                        "bidirectional": true,
                        "fallbackDelay": 2.5,
                        "mode": "direct",
                        "tagPath": "[default]Reto2_SCADA_PLC/Controller:Global/VEL_VARIADOR"
                      },
                      "type": "tag"
                    }
                  }
                },
                "props": {
                  "handleColor": "#F00F0F",
                  "labels": {
                    "interval": 720,
                    "show": true
                  },
                  "max": 3600,
                  "railColor": "#36E60D",
                  "trackColor": "#C3C3C3"
                },
                "type": "ia.input.slider"
              },
              {
                "meta": {
                  "name": "Label"
                },
                "position": {
                  "height": 0.0727,
                  "width": 0.7889,
                  "x": 0.0829,
                  "y": 0.2023
                },
                "props": {
                  "text": "Ingrese velocidad (RPM) deseada para banda \"Pallet Feeder\" (0 - 3600RPM):"
                },
                "type": "ia.display.label"
              }
            ],
            "meta": {
              "name": "Pestana_PLC"
            },
            "props": {
              "mode": "percent",
              "style": {
                "backgroundColor": "#FFFFCC"
              }
            },
            "type": "ia.container.coord"
          },
          {
            "meta": {
              "name": "Pestana_Logix"
            },
            "position": {
              "tabIndex": 1
            },
            "props": {
              "mode": "percent"
            },
            "type": "ia.container.coord"
          }
        ],
        "meta": {
          "name": "Pestanas"
        },
        "position": {
          "height": 477,
          "width": 400,
          "y": 67
        },
        "props": {
          "menuType": "modern",
          "tabs": [
            "PLC Fisico",
            "Logix Emulate"
          ]
        },
        "type": "ia.container.tab"
      },
      {
        "events": {
          "dom": {
            "onClick": {
              "config": {
                "params": {},
                "view": "Main"
              },
              "scope": "C",
              "type": "nav"
            }
          }
        },
        "meta": {
          "name": "Button"
        },
        "position": {
          "height": 34,
          "width": 80,
          "x": 19,
          "y": 554
        },
        "props": {
          "style": {
            "backgroundColor": "#0000D9"
          },
          "text": "Principal"
        },
        "type": "ia.input.button"
      },
      {
        "events": {
          "dom": {
            "onClick": {
              "config": {
                "params": {},
                "view": "Historicos"
              },
              "scope": "C",
              "type": "nav"
            }
          }
        },
        "meta": {
          "name": "Button_0"
        },
        "position": {
          "height": 34,
          "width": 80,
          "x": 109,
          "y": 554
        },
        "props": {
          "style": {
            "backgroundColor": "#0000D9"
          },
          "text": "Históricos"
        },
        "type": "ia.input.button"
      },
      {
        "events": {
          "dom": {
            "onClick": {
              "config": {
                "params": {},
                "view": "Alarmas"
              },
              "scope": "C",
              "type": "nav"
            }
          }
        },
        "meta": {
          "name": "Button_1"
        },
        "position": {
          "height": 34,
          "width": 80,
          "x": 199,
          "y": 554
        },
        "props": {
          "style": {
            "backgroundColor": "#0000D9"
          },
          "text": "Alarmas"
        },
        "type": "ia.input.button"
      },
      {
        "events": {
          "dom": {
            "onClick": {
              "config": {
                "params": {},
                "view": "Variador"
              },
              "scope": "C",
              "type": "nav"
            }
          }
        },
        "meta": {
          "name": "Button_2"
        },
        "position": {
          "height": 34,
          "width": 80,
          "x": 289,
          "y": 554
        },
        "props": {
          "enabled": false,
          "style": {
            "backgroundColor": "#0000D9"
          },
          "text": "Variador"
        },
        "type": "ia.input.button"
      }
    ],
    "meta": {
      "name": "root"
    },
    "props": {
      "style": {
        "backgroundColor": "#FFFFCC"
      }
    },
    "type": "ia.container.coord"
  }
}