{
  "custom": {},
  "params": {},
  "props": {
    "defaultSize": {
      "height": 600,
      "width": 400
    }
  },
  "root": {
    "children": [
      {
        "meta": {
          "name": "Label"
        },
        "position": {
          "height": 40,
          "width": 400
        },
        "props": {
          "style": {
            "fontWeight": "bold",
            "textAlign": "center"
          },
          "text": "Info Reto 2 - SCI 2022"
        },
        "type": "ia.display.label"
      },
      {
        "children": [
          {
            "meta": {
              "name": "Pestana_PLC"
            },
            "props": {
              "mode": "percent",
              "style": {
                "backgroundColor": "#FFFFCC"
              }
            },
            "type": "ia.container.coord"
          },
          {
            "meta": {
              "name": "Pestana_Logix"
            },
            "position": {
              "tabIndex": 1
            },
            "props": {
              "mode": "percent"
            },
            "type": "ia.container.coord"
          }
        ],
        "meta": {
          "name": "Pestanas"
        },
        "position": {
          "height": 477,
          "width": 400,
          "y": 67
        },
        "props": {
          "menuType": "modern",
          "tabs": [
            "PLC Fisico",
            "Logix Emulate"
          ]
        },
        "type": "ia.container.tab"
      },
      {
        "events": {
          "dom": {
            "onClick": {
              "config": {
                "params": {},
                "view": "Main"
              },
              "scope": "C",
              "type": "nav"
            }
          }
        },
        "meta": {
          "name": "Button"
        },
        "position": {
          "height": 34,
          "width": 80,
          "x": 19,
          "y": 554
        },
        "props": {
          "style": {
            "backgroundColor": "#0000D9"
          },
          "text": "Principal"
        },
        "type": "ia.input.button"
      },
      {
        "events": {
          "dom": {
            "onClick": {
              "config": {
                "params": {},
                "view": "Historicos"
              },
              "scope": "C",
              "type": "nav"
            }
          }
        },
        "meta": {
          "name": "Button_0"
        },
        "position": {
          "height": 34,
          "width": 80,
          "x": 109,
          "y": 554
        },
        "props": {
          "style": {
            "backgroundColor": "#0000D9"
          },
          "text": "Históricos"
        },
        "type": "ia.input.button"
      },
      {
        "events": {
          "dom": {
            "onClick": {
              "config": {
                "params": {},
                "view": "Alarmas"
              },
              "scope": "C",
              "type": "nav"
            }
          }
        },
        "meta": {
          "name": "Button_1"
        },
        "position": {
          "height": 34,
          "width": 80,
          "x": 199,
          "y": 554
        },
        "props": {
          "style": {
            "backgroundColor": "#0000D9"
          },
          "text": "Alarmas"
        },
        "type": "ia.input.button"
      },
      {
        "events": {
          "dom": {
            "onClick": {
              "config": {
                "params": {},
                "view": "Info"
              },
              "scope": "C",
              "type": "nav"
            }
          }
        },
        "meta": {
          "name": "Button_2"
        },
        "position": {
          "height": 34,
          "width": 80,
          "x": 289,
          "y": 554
        },
        "props": {
          "enabled": false,
          "style": {
            "backgroundColor": "#0000D9"
          },
          "text": "Info"
        },
        "type": "ia.input.button"
      }
    ],
    "meta": {
      "name": "root"
    },
    "props": {
      "style": {
        "backgroundColor": "#FFFFCC"
      }
    },
    "type": "ia.container.coord"
  }
}